{"raw_prediction": 137.8095512684796, "with_positive_mae": 139.2919054166195, "with_negative__mae": 136.3271971203397, "variance_range": 2.9647082962798095}